6,William
6,William
6,William
6,William
6,William
6,William
6,William
6,William
6,William
6,William
6,William
6,William
6,William
6,William
6,William
6,William
6,William
6,William
6,William
6,William
6,William
6,William
6,William
6,William
6,William
6,William
6,William
6,William
6,William
6,William
6,William
6,William
6,William
6,William
6,William
6,William
6,William
6,William
6,William
6,William
6,William
6,William
6,William
6,William
6,William
6,William
6,William
6,William
6,William
6,William
6,William
6,William
6,William
6,William
6,William
6,William
6,William
6,William
6,William
6,William
6,William
6,William
6,William
6,William
6,William
6,William
6,William
6,William
6,William
